pruning,,15-puzzle_h0,15-puzzle_h0,15-puzzle_h0,15-puzzle_h0,15-puzzle_h0,15-puzzle_h0,15-puzzle_h0,15-puzzle_h0,15-puzzle_h0,15-puzzle_h0,15-puzzle_h1,15-puzzle_h1,15-puzzle_h1,15-puzzle_h1,15-puzzle_h1,15-puzzle_h1,15-puzzle_h1,15-puzzle_h1,15-puzzle_h1,15-puzzle_h1
algorithm,,astar,astar,astar,astar,astar,idastar,idastar,idastar,idastar,idastar,astar,astar,astar,astar,astar,idastar,idastar,idastar,idastar,idastar
info,,f,g,e,d,t,f,g,e,d,t,f,g,e,d,t,f,g,e,d,t
file,instance,,,,,,,,,,,,,,,,,,,,
15_puzzle_100_instances_korf.txt,13 5 4 10 9 12 8 14 2 3 7 1 0 15 11 6 ,1,6448279,2192126,55,13.134634256362915,0,88931249,30970381,46,27.835344552993774,1,6436558,2188098,55,14.13570523262024,0,89165668,31051338,46,28.320422172546387
15_puzzle_100_instances_korf.txt,5 12 10 7 15 11 14 0 8 2 1 13 3 4 9 6 ,0,10176107,3433847,52,20.271554470062256,0,89392883,30473607,47,27.041714906692505,0,10179096,3434858,52,20.118064403533936,0,89751928,30593150,47,27.061983823776245
15_puzzle_100_instances_korf.txt,7 15 8 2 13 6 3 12 11 0 4 10 9 5 1 14 ,1,8223837,2802789,53,17.163275718688965,0,88864084,31096114,43,27.260059595108032,1,8223837,2802789,53,17.158880472183228,0,90326686,31612701,43,27.06722593307495
15_puzzle_100_instances_korf.txt,14 7 8 2 13 11 10 4 9 12 5 0 3 6 1 15 ,0,10124285,3404392,51,20.109951496124268,0,89023188,30855875,45,28.803499460220337,0,10297437,3462750,51,20.485822916030884,0,87391914,30298908,45,26.238672971725464
15_puzzle_100_instances_korf.txt,14 13 15 7 11 12 9 5 6 0 2 1 4 8 10 3 ,0,9872843,3332523,51,19.935487270355225,0,89129704,30717968,39,28.976436853408813,0,9795336,3306444,51,21.617509603500366,0,89288167,30772871,39,28.514610767364502
